video_id,category_id,category_name,title,views_count,like_count,uploaded_at,tags,origin_index
mhZBhpagdVU,24,Entertainment,롯데리아 전주 비빔라이스 버거,560399,7,2023-02-24 10:00:35+00:00,None,2
5ahN5s59M5I,24,Entertainment,한 달 늦은 뉴스 속보,549419,7,2023-02-23 10:00:03+00:00,None,3
4DLCaQZ6VC4,24,Entertainment,시디즈 실전용 게이밍 의자 (a.k.a 교잡종),443958,7,2023-02-22 10:00:02+00:00,None,4
l1Vncs1qw_M,24,Entertainment,(잔인주의) 너굴맨의 개과천선,366177,7,2023-02-21 10:00:34+00:00,None,5
e2tttO-8LUw,24,Entertainment,과자를 가루로 만들어 밥에 뿌려 드셔보시겠습니까?,669144,7,2023-02-18 10:00:20+00:00,None,8
xTxEq_64uQs,24,Entertainment,사진만 보고 무슨 라면인지 맞히기,596369,7,2023-02-15 10:00:38+00:00,None,11
h2LwNXWnsz4,24,Entertainment,야끼도리동 먹으며 고프로로 찍은 영상들 구경하기,316314,7,2023-02-13 10:00:17+00:00,None,13
PhWyC9sPF0M,24,Entertainment,모든 분리수거의 신,640923,7,2023-02-11 10:00:11+00:00,None,15
8hSds3puPQY,24,Entertainment,(잔인주의) 선량한 사람은 너굴맨이 처리했으니 안심하라구,473649,7,2023-02-10 10:00:09+00:00,None,16
nRBLhMZjazk,24,Entertainment,헛리버 공국(Principality of Hutt River)을 알아보자,417184,7,2023-02-07 10:00:27+00:00,None,19
koeM3TRigqU,24,Entertainment,AI는 삼국지를 알까?,693405,7,2023-02-06 10:00:21+00:00,None,20
52a69cv8t_o,24,Entertainment,고구마와 파인애플 피자,749275,7,2023-02-05 10:00:05+00:00,None,21
qQStxU4nC4o,24,Entertainment,'방랑화가 이병건' 촬영에 썼던 갤럭시 탭 S8 알아보기,275321,7,2023-02-03 10:00:37+00:00,None,23
cUJmNvaVE3U,24,Entertainment,딥 러닝으로 풀어보는 예능 게임,653649,9,2023-02-01 10:00:21+00:00,None,25
w2wREDRrROk,24,Entertainment,침착맨이 요즘 관심있는 것들,935287,9,2023-01-30 10:00:27+00:00,None,27
Wckcfh0Vu_E,24,Entertainment,서부개척시대 브이로그,660495,9,2023-01-26 10:00:26+00:00,None,31
2KxEIeVNOtQ,24,Entertainment,2022 침투부 어워즈 시상식 & 유튜브 총회,767951,9,2023-01-24 10:00:02+00:00,None,33
xZyoOfiBBUw,24,Entertainment,두리안 냄새까지 가두는 V-진공 포장,785165,9,2023-01-22 10:00:34+00:00,None,35
5M3y9XMZoPY,24,Entertainment,끊임없이 발전하는 콩고기버거,735556,9,2023-01-19 10:00:02+00:00,None,38
eWU7MdrVLNc,24,Entertainment,침소리 컨설팅으로 탄생한 빅-반,634542,9,2023-01-14 10:00:29+00:00,None,43
8PPUFdfzca0,24,Entertainment,"더 퍼스트 슬램덩크 (THE FIRST SLAM DUNK, 2022) 감상회",1290975,9,2023-01-13 10:00:03+00:00,None,44
za_EbAThN1A,24,Entertainment,침착맨이 로마군 소대장이 된다면,426891,9,2023-01-12 10:00:36+00:00,None,45
QAlkUzhL03U,24,Entertainment,고등어 솥밥과 슬램덩크 개혁안,634926,9,2023-01-09 10:00:19+00:00,None,48
z_OdvenYnAs,24,Entertainment,빵으로 벌어지는 연고전,1197323,9,2023-01-07 10:00:34+00:00,None,49
vO9sb-w1gdY,24,Entertainment,2023년 또 새롭게 태어난 NEW NEW 침착맨,1113962,9,2023-01-06 10:00:36+00:00,None,50
NeTqujXzubM,24,Entertainment,(※소리주의) 솜사탕 만드는 기계,658281,9,2023-01-02 10:00:09+00:00,None,54
ysetd_r8Z9M,24,Entertainment,침투부 Awards 2022: 한 해를 정리하는 권위없는 시상식,653259,10,2023-01-01 10:00:23+00:00,None,55
G2waLH_NGO4,24,Entertainment,2대 침착맨의 필요성,597985,10,2022-12-31 10:00:06+00:00,None,56
IwbOoHByJrE,24,Entertainment,유튜브 로딩사태와 크롬 무기징역,773111,10,2022-12-30 10:00:17+00:00,None,57
ezq0MpTPQ1A,24,Entertainment,댓글창 '나가뒈져' 사태를 추억하며,688074,10,2022-12-24 10:00:16+00:00,None,62
MBepsQF1viY,24,Entertainment,시청자가 알려주는 와인 설명회,727646,10,2022-12-18 10:00:09+00:00,None,66
4xWfyfdiCAQ,24,Entertainment,칼국수는 모두 다 장칼국수로 만들어야,714241,10,2022-12-17 10:00:05+00:00,None,67
zvyBXnXfQXs,24,Entertainment,월드컵 개막전과 지스타 방문 후기,416836,10,2022-11-27 10:00:37+00:00,None,78
tdmX1lV0JjQ,24,Entertainment,나르시시스트에게 복수하는 법,805741,10,2022-11-26 10:00:30+00:00,None,79
zOLE3mr9NbA,24,Entertainment,침착맨의 군대 이야기,1040347,10,2022-11-25 10:00:47+00:00,None,80
oK2BWRNXH80,24,Entertainment,초밥 먹으며 초밥왕 이야기,682903,10,2022-11-16 10:00:29+00:00,None,87
78ggQXQyjLE,24,Entertainment,이론상 몇 끼까지 가능한가,1172699,10,2022-11-07 10:00:03+00:00,None,92
KmRpq5GvYZo,24,Entertainment,인공지능과의 연애,567884,10,2022-11-02 10:00:11+00:00,None,96
Txe8JhWiP2c,24,Entertainment,포스트 아포칼립스를 알아보자,944164,10,2022-10-22 10:00:17+00:00,None,101
ff_qPSkhcZQ,24,Entertainment,병건: 매벌이,593621,14,2022-10-20 10:00:34+00:00,None,103
ZB3WjdDvJ_k,24,Entertainment,라면계의 평양냉면,847721,14,2022-10-09 10:00:30+00:00,None,107
SjkeRCZjNIw,24,Entertainment,작사가 김이나 초대석,1136077,14,2022-09-28 10:00:18+00:00,None,115
Zhj4Xi9sYuM,24,Entertainment,왜 웹툰 작가들은 카페를 차릴까?,845911,14,2022-09-26 10:00:31+00:00,None,116
OX6u_W7rFAU,24,Entertainment,미연시의 탈을 쓴 다큐멘터리,1782864,14,2022-09-19 10:00:11+00:00,None,121
rm5920KKzmM,24,Entertainment,일본을 다녀온 준빈쿤 근황,1923548,14,2022-09-18 10:00:40+00:00,None,122
a7DXVJfaDXQ,24,Entertainment,보석털이 브이로그,1004943,14,2022-09-08 10:00:00+00:00,None,126
HgckUXFzbCo,24,Entertainment,침착맨의 호캉스,760692,14,2022-09-01 10:00:11+00:00,None,131
JD-TLZvNE9Q,24,Entertainment,모범시민의 운전법,1242550,14,2022-08-29 10:00:13+00:00,None,134
uwfgqZAZQoc,24,Entertainment,육개장과 조삼모사 보쌈,479547,14,2022-08-23 10:00:29+00:00,None,135
UCbddul8sJk,24,Entertainment,침착맨 냉라면 vs 시청자 요리,774806,14,2022-08-22 10:00:13+00:00,None,136
sOLDKX1_EQk,24,Entertainment,침착맨식 냉라면,781251,14,2022-08-21 10:00:30+00:00,None,137
eVaCTseMYfc,24,Entertainment,1000041000,804417,14,2022-08-20 10:00:31+00:00,None,138
CRuFgJtXF1g,24,Entertainment,자존감 상승 프로젝트,792847,14,2022-08-17 10:00:05+00:00,None,139
yMrLT7fdsfI,24,Entertainment,'제임스웹의 과학' 특강 | 우주 망원경 제임스웹,1667535,14,2022-08-02 10:00:38+00:00,None,141
U7Bh0c-HrIo,24,Entertainment,'누리호의 과학' 특강 | 누리호의 성공 분석,1079729,14,2022-08-01 10:00:28+00:00,None,142
ANRBFceIgqc,24,Entertainment,신기한 버거케이크,772142,14,2022-07-31 10:00:08+00:00,None,143
dns5OuAO8EI,24,Entertainment,메리 셀러스트호 실종 사건을 알아보자,962510,14,2022-07-20 10:00:33+00:00,None,148
C3KrfTzGsoI,24,Entertainment,민트초코도 좋고 치킨도 좋은데,837071,14,2022-07-19 10:00:06+00:00,None,149
35NRXg0VRCY,24,Entertainment,소가 훈훈하게 쳐다보는 느낌의 맛,645985,14,2022-07-14 10:00:04+00:00,None,150
bRJI9-yXM5Y,24,Entertainment,하이큐 딱히 좋아하지 않는 사람,782164,14,2022-07-11 10:00:27+00:00,None,151
5zJbPoyc8ng,24,Entertainment,하피자 특) 칼로리 눈치 봄,1898552,14,2022-07-10 10:00:02+00:00,None,152
kWqonje3JsY,24,Entertainment,일본 페양구 야끼소바 컵라면 먹방,938170,14,2022-07-04 10:00:20+00:00,None,155
RjcCm33z2fk,24,Entertainment,한우로 만든 패티를 두 장이나 넣은 폭력적인 버거,713387,14,2022-06-30 10:00:17+00:00,None,157
148yyZCy07E,24,Entertainment,햄버거도 좋고 치킨도 좋은데,929194,14,2022-06-27 10:00:01+00:00,None,158
xdh1SD5SYdY,24,Entertainment,컵라면 나시고르자브종,901100,14,2022-06-23 10:00:46+00:00,None,162
VoLfg_0j4Jw,24,Entertainment,침빠곽 여행 가고 싶은 나라 순위 정하기,2098189,15,2022-06-22 10:00:15+00:00,None,163
6-uqUlKQ02I,24,Entertainment,여행 유튜버 빠니보틀 & 곽튜브 초대석,2286116,15,2022-06-21 10:00:03+00:00,None,164
QsuhIGOXxfs,24,Entertainment,과학으로 본 주호민의 재즈,2958636,15,2022-06-20 10:00:11+00:00,None,165
gYOesQEyaas,24,Entertainment,대학원 다니는 부엉이,1319655,15,2022-06-13 10:00:31+00:00,None,169
Hu_ApmZXxYs,24,Entertainment,들어가고 싶은 원피스 해적단 월드컵,1572579,15,2022-06-12 12:00:09+00:00,None,170
2vmzMpWj0nw,24,Entertainment,Q. 월트 디즈니는 어떤 사람이었을까요?,579580,15,2022-06-09 10:00:01+00:00,None,172
Cp2_wKAeRKs,24,Entertainment,과학으로 본 켄타우로스 바지 입는 법,1414294,15,2022-06-01 10:00:06+00:00,None,174
Ej7TJjAkixU,24,Entertainment,'무협의 과학' 특강 | 주변에서 볼 수 있는 무협,1557198,15,2022-05-31 10:00:10+00:00,None,175
CDARRDw3xpM,24,Entertainment,간편식을 불편하게 먹는 사람,1281137,15,2022-05-30 10:00:05+00:00,None,176
F9IVqbXdjpw,24,Entertainment,나루토를 보려는 이유,607939,15,2022-05-24 10:00:07+00:00,None,179
vBfU2xlZm8o,24,Entertainment,떡볶이도 좋고 치킨도 좋은데,1092782,15,2022-05-23 10:00:28+00:00,None,180
6XGMTHXK8bE,24,Entertainment,오뚜기 양송이 & 옥수수 스프라면 먹방,1078862,15,2022-05-20 10:00:04+00:00,None,181
L88ot-64UUU,24,Entertainment,아빠들의 수다,1521807,15,2022-05-13 10:00:17+00:00,None,183
P3OKINQnpuk,24,Entertainment,웃음의 알렉산드리아 도서관,2305335,26,2022-05-11 10:00:14+00:00,None,184
wUSskdTnd4M,24,Entertainment,셜록현준 교수님의 '도시의 발명' 특강,1399357,26,2022-05-08 13:00:56+00:00,None,185
Hqi6mbTUFuI,24,Entertainment,시청자들과 대결,2220576,26,2022-05-08 10:00:14+00:00,None,186
EC1XqMZj8VU,24,Entertainment,가장 먹고 싶은 아이스크림 월드컵,1871995,26,2022-05-05 10:00:04+00:00,None,187
-skXi3GaUBg,24,Entertainment,원피스 캐릭터 싸움 실력 서열 정하기,2116243,26,2022-05-03 10:00:00+00:00,None,189
8JCgwrKv4iI,24,Entertainment,이카리 신지처럼 행동하는 법,1345052,26,2022-04-30 10:00:06+00:00,None,192
llhcTERck_I,24,Entertainment,절대 따라하면 안되는 담배 피우는 법,1510750,26,2022-04-28 10:00:33+00:00,None,194
K6t_W23gdMs,24,Entertainment,이 악물고 그리는 침착맨 vs 이 갈고 맞히는 시청자,1589629,26,2022-04-25 10:00:09+00:00,None,195
plWWnw-SB_E,24,Entertainment,희대의 라이벌 월드컵,968665,26,2022-04-24 04:00:20+00:00,None,196
g5Tt9UKkcMY,24,Entertainment,매운 떡볶이 먹는 법,793938,26,2022-04-21 10:00:21+00:00,None,198
TgK4D3Ctsyc,24,Entertainment,'거짓말의 과학' 특강 | 제2부 노력하지 않았다는 거짓말,1200041,26,2022-04-11 10:00:15+00:00,None,202
O6eNm5sPOsM,24,Entertainment,그만둘 직장에 놀러가면 안 되는 이유,1641329,26,2022-04-10 10:00:11+00:00,None,203
FkCgVt3DSC0,24,Entertainment,'거짓말의 과학' 특강 | 제1부 몸풀기 퀴즈는 쌓인다,1635312,26,2022-04-08 10:00:08+00:00,None,204
iT29drEfolI,24,Entertainment,시청자 패션 훈수하기,1546408,30,2022-04-03 10:00:07+00:00,None,205
3EF4ZLDWPYk,24,Entertainment,고생대(古生代)를 알아보자,1741889,36,2022-03-27 10:00:03+00:00,None,207
1Chiz7T6U-M,24,Entertainment,예비 아빠 김풍 작가님 육아용품 쇼핑,1836104,36,2022-03-22 10:00:01+00:00,None,209
SKh-JfQhLrg,28,Science & Technology,강한 양파만 살아남는다,893992,36,2022-03-16 10:00:14+00:00,None,211
DGR1Og-cjOs,24,Entertainment,침착맨은 정말로 금연 중인가?,1968299,36,2022-03-15 10:00:05+00:00,None,212
EX_MvyhKO9o,24,Entertainment,우주먼지 콜라로 만든 수육,1635414,36,2022-03-14 10:00:05+00:00,None,213
FQQ3CD4gLCY,24,Entertainment,요트 쇼핑,1319684,36,2022-03-12 10:00:08+00:00,None,214
R5f98wSPS1g,24,Entertainment,하남자식으로 협상하는 게임,645122,36,2022-03-11 10:00:12+00:00,None,215
22mWmctLFOg,24,Entertainment,걸리기 싫은 질병 월드컵,1111819,36,2022-03-08 10:00:04+00:00,None,216
31FwmCAEJww,24,Entertainment,상남자특) 순댓국 특 먹음,3025416,36,2022-03-02 10:00:02+00:00,None,217
Te7sCYDmFVI,24,Entertainment,아이디어 대결을 가장한 채널 암살,646301,36,2022-02-28 10:00:11+00:00,None,218
757GTaXR0jQ,24,Entertainment,특이점이 온 젤리 쇼핑,1137860,36,2022-02-24 10:00:02+00:00,None,220
qMvfuziJwRE,24,Entertainment,괴상한 코믹스 캐릭터 월드컵,1232727,36,2022-02-21 10:00:32+00:00,None,221
jPGDLCWHUQE,24,Entertainment,노딱 설명회는 노딱을 받을까?,726887,36,2022-02-15 10:00:15+00:00,None,223
hVE_Qc6PjoA,24,Entertainment,금연 23일차에 하는 담배 월드컵,3988562,36,2022-02-05 10:00:19+00:00,None,224
oLevYAYl0oA,24,Entertainment,⟪TRPG 병거니우스의 모험⟫ 합본판,813418,36,2022-02-02 04:00:13+00:00,None,225
GEeygaem4ow,24,Entertainment,⟪침vs펄 토론⟫ 합본판,2407248,36,2022-02-01 04:00:16+00:00,None,226
-dlJP9QTWAM,24,Entertainment,명절에 늦게 온 통천,3101744,36,2022-01-31 10:02:18+00:00,None,227
HlsL7Aw0ez4,24,Entertainment,원피스 '밀짚모자 일당' NEW 구조조정안,2183036,36,2022-01-27 10:00:07+00:00,None,228
uKej8YD7Rlg,24,Entertainment,삼괴권(三壞拳)의 고수를 찾아서,798466,36,2022-01-25 20:59:03+00:00,None,229
dz3lctZkn9o,24,Entertainment,맵크나이트의 엄청 매운 킹뚜껑 먹방,939678,36,2022-01-21 10:00:31+00:00,None,231
cmPAz7k3njs,24,Entertainment,'히어로의 과학' 특강 | 제2부 하루종일 설명할 수도 있어,1983831,36,2022-01-20 10:00:15+00:00,None,232
AsdHKLOM8uQ,24,Entertainment,'히어로의 과학' 특강 | 제1부 2021년의 히어로,1736263,36,2022-01-18 10:00:09+00:00,None,234
gsCrrBZQFqU,24,Entertainment,신생대(新生代)를 알아보자,1069679,36,2022-01-15 10:00:31+00:00,None,236
vm0O-Hpjs4g,24,Entertainment,오랜만에 버거형제,962169,36,2022-01-12 10:00:37+00:00,None,238
-YZ_z_TRBnY,24,Entertainment,치킨계의 냉전시대,770922,36,2022-01-03 10:00:00+00:00,None,240
lSt2UnEmGxc,24,Entertainment,포켓몬 괴담과 검은 닌텐도,2512286,36,2021-12-27 10:00:17+00:00,None,242
J_1iXthSH5o,24,Entertainment,그 와중에 밥은 맛있고,1119441,40,2021-12-25 10:00:16+00:00,None,243
IGvnjQrV09w,24,Entertainment,MBTI 유형 진짜 맞나 확인하기,799546,42,2021-12-24 10:00:10+00:00,None,244
JI54WbfBOOM,24,Entertainment,쏘영이의 생일 카드 만들기,1143561,43,2021-12-22 10:00:07+00:00,None,245
g8BNuj5C0vE,24,Entertainment,진짜 나와버린 철면수심 차돌짬뽕,1675864,45,2021-12-18 10:00:32+00:00,None,247
QapJKN-_ha4,24,Entertainment,호크아이 슨배임 살려내라 이놈들아,1002222,49,2021-12-12 10:00:08+00:00,None,252
aEgov1XHmos,24,Entertainment,라텍스 수제비,906311,49,2021-12-09 10:00:01+00:00,None,254
GOb70rO9JUY,24,Entertainment,'로켓 과학' 특강 | 제2부 NASA와 VSVN,3242762,49,2021-11-29 10:00:05+00:00,None,257
6Y1kWcrFKQo,24,Entertainment,'로켓 과학' 특강 | 제1부 비둘기부터 로켓까지,2954782,49,2021-11-27 10:00:01+00:00,None,258
eV7RaPDIG-w,24,Entertainment,남캠맨,1378673,49,2021-11-26 10:00:31+00:00,None,259
vc5cLIQu4oo,24,Entertainment,곰탕 라면,857163,49,2021-11-21 10:00:32+00:00,None,260
kXVOrZl9HmE,24,Entertainment,호빵업계 어디까지 가는가,1943379,49,2021-11-19 10:00:16+00:00,None,261
oec-F62u-Vg,24,Entertainment,"미지의 생명체, 크립티드(Cryptid)를 알아보자",1042834,49,2021-11-16 10:00:16+00:00,None,263
sd_s9SLFphw,24,Entertainment,침착맨의 뿌리를 찾아서 | 3화 안산 편(完),556932,49,2021-11-14 10:00:13+00:00,None,264
leQNQ5MTsfw,24,Entertainment,삼국지에 미친 사람의 택배,907970,49,2021-11-09 10:00:15+00:00,None,266
HzxdVaKaPyA,24,Entertainment,버섯(Mushroom)을 알아보자,1139122,49,2021-11-01 10:00:06+00:00,None,267
tYHgOCT68VE,24,Entertainment,침착맨 판타지 삼국지,637298,49,2021-10-18 10:00:21+00:00,None,271
TAA2lvidJPw,24,Entertainment,버튜버 아이돌 로나로나땅,1494003,49,2021-10-14 10:00:24+00:00,None,272
Q7aA7E_WF0w,24,Entertainment,만델라 효과,1900287,49,2021-10-09 10:00:24+00:00,None,273
T14f1ZjqLRw,24,Entertainment,"어색, 뻘쭘, 부끄러운 순간 월드컵",1009418,56,2021-10-08 10:00:31+00:00,None,274
DxtJJ_GXMFk,24,Entertainment,하이킥 딱히 좋아하지 않는 사람,1354029,56,2021-10-07 10:00:13+00:00,None,275
HKzMkcNSNg8,24,Entertainment,매운볶음면 2개 푸드파이트,811835,56,2021-10-06 10:00:18+00:00,None,276
A646vX-4D1A,24,Entertainment,김 vs 김 상식퀴즈 대결,505371,56,2021-10-05 10:00:08+00:00,None,277
0uc-0xqWcwY,24,Entertainment,차돌짬뽕 로고와 호날두 개체수 줄이기,671605,56,2021-10-04 10:00:02+00:00,None,278
sNdK-ZHbByw,24,Entertainment,'양자역학' 특강 | 제2부 파동 침착맨과 입자 침착맨,2163286,56,2021-10-03 10:30:08+00:00,None,279
_5Jsp-bIeqU,24,Entertainment,"오징어 게임 (Squid Game, 2021) 감상회",2514476,56,2021-10-02 10:00:15+00:00,None,280
QK2-QUcp4zY,24,Entertainment,'양자역학' 특강 | 제1부 양자역학과 위기의 브라질 사람들,2869436,56,2021-10-01 10:00:32+00:00,None,281
NSsfNvAuz_w,24,Entertainment,인천 설명회,1539511,56,2021-09-17 10:00:12+00:00,None,282
1v3ogco8zF8,24,Entertainment,차돌짬뽕 청문회,1455282,56,2021-09-15 10:00:01+00:00,None,283
uhZ7xQiu7Qg,24,Entertainment,좀비사태 발생시 착용할 방어구 월드컵,1374816,56,2021-09-13 10:00:26+00:00,None,284
LOuy_4lrauM,24,Entertainment,쉽게 질리는 음식 월드컵,5684009,56,2021-09-10 10:00:11+00:00,None,285
C56L0JaoYwE,24,Entertainment,이건 못 참지! 깰 수밖에 없는 알람 월드컵,727066,56,2021-09-08 10:00:09+00:00,None,286
fkrA9P4NSEM,24,Entertainment,기분이 너무 좋을 땐? 패션왕 챌린지,626421,62,2021-09-03 10:00:33+00:00,None,287
iELgTIG8KEQ,24,Entertainment,모든 것이 감사해지는 초밥,1297827,66,2021-09-02 10:00:16+00:00,None,288
cmj1HKlahCk,24,Entertainment,김성모 & 박태준 작가 초대석,1548346,69,2021-09-01 10:00:15+00:00,None,289
dang96gloVs,24,Entertainment,'유사과학' 특강 | 제1부 유사과학에 관한 몸풀기 퀴즈,2523874,70,2021-08-05 10:30:11+00:00,None,293
Uepu0fO--9E,24,Entertainment,시청자 방 훈수하기,5548124,70,2021-08-04 10:26:48+00:00,None,294
keExg7xjO3o,24,Entertainment,5억 년 버티고 천만 원 받기 vs 그냥 살기,3213798,70,2021-08-03 10:00:31+00:00,None,295
mllPpHzhSpU,24,Entertainment,침&펄이 제작하고 싶은 영화 장르 월드컵,1232024,70,2021-07-27 10:00:19+00:00,None,296
uqt2VE8O_p8,24,Entertainment,1700만원 아반떼 vs 4000만원 아반떼,1490309,70,2021-07-25 10:00:19+00:00,None,297
qRUxCTEtKMI,24,Entertainment,음모론 & 미스터리 월드컵,5204958,70,2021-07-13 10:00:18+00:00,None,299
L9gSiyTLMe8,24,Entertainment,애니 여자 캐릭터 움짤 월드컵 1024강,1286396,70,2021-07-05 10:00:09+00:00,None,300
mmc4w1FAs50,24,Entertainment,인싸들 먹거리 탐구시간,1429031,70,2021-07-04 10:00:15+00:00,None,301
m5BJvrUz514,24,Entertainment,침착맨 삼국지 여포전,2937333,70,2021-06-29 10:00:18+00:00,None,302
NYI3nIOTHC4,24,Entertainment,세계의 특이한 법 월드컵,1243853,70,2021-06-22 10:00:21+00:00,None,304
WQokyoYgZ_s,24,Entertainment,떡볶이로 식사가 될까?,3001361,70,2021-06-18 10:00:14+00:00,None,305
0vwmOLgjfOw,24,Entertainment,지도와 함께 보는 서울(Seoul) 설명회,1333152,70,2021-05-30 10:02:15+00:00,None,307
Ehj8Z5eQj8E,24,Entertainment,"루피, 이제 하차해야...",1145869,70,2021-05-26 10:05:51+00:00,None,308
x-YQvdE95jg,24,Entertainment,김치찜 먹방과 아저씨 이야기,2468321,75,2021-05-24 10:05:05+00:00,None,309
2dFxr9ossug,24,Entertainment,버거에서 느껴지는 생선의 좋은 비린내,1332852,86,2021-05-11 10:00:01+00:00,None,311
SYAuzsFQXc8,24,Entertainment,사람만한 감자칩을 선물 받다,1257749,86,2021-05-04 10:00:12+00:00,None,312
T3chPJuPPic,24,Entertainment,드래곤볼(Dragon Ball) 설명회,3192291,88,2021-04-20 10:30:08+00:00,None,314
vbJ0h-hveoo,24,Entertainment,침착맨은 너무 졸려,995681,88,2021-04-15 10:00:19+00:00,None,316
d6UI8DLblEc,24,Entertainment,부드러워진 돌빵,1159759,88,2021-04-14 10:00:15+00:00,None,317
Z7_WWJEj-j8,24,Entertainment,유사과학 월드컵 (이과답답주의),12202835,88,2021-04-12 11:45:01+00:00,None,319
UXb2DyR_2R4,24,Entertainment,침착맨 삼국지 원소전,2480379,88,2021-04-09 12:30:56+00:00,None,321
quwdMWnCE38,24,Entertainment,침착맨 삼국지 동탁전,2151693,88,2021-03-29 10:00:13+00:00,None,323
PbGcEgBdvMM,24,Entertainment,라면과 가장 잘 어울리는 짝꿍 월드컵,2431717,88,2021-03-25 10:02:28+00:00,None,324
OaLjtcFd8Wg,24,Entertainment,WPL 프로 포커플레이어 임요환 님에게 포커 배우기,742321,88,2021-03-11 10:01:15+00:00,None,326
apIbXjVp8NU,24,Entertainment,"원피스 '밀짚모자 일당', 반으로 줄여야...",2444274,88,2021-03-06 10:03:10+00:00,None,327
WeGDixN-u48,24,Entertainment,침공... 어찌하여 목만 오셨소,2067989,88,2021-03-04 10:00:17+00:00,None,328
-xyd6yiNbXw,24,Entertainment,지금 당장 있으면 좋을 과학 기술 월드컵,588983,88,2021-02-28 10:13:33+00:00,None,329
IAVLHT9p0NI,24,Entertainment,명탐정 침착맨의 국정원 추리 퀴즈 풀기,889583,88,2021-02-26 10:00:07+00:00,None,330
elVu6X0rXXA,24,Entertainment,슈퍼카 쇼핑,1218508,88,2021-02-02 10:00:30+00:00,None,331
IfOSBmBCWw0,24,Entertainment,자식 먹는 거만 봐도 배부른 아빠,2723239,107,2021-01-31 10:00:23+00:00,None,332
GqWcVvb4Ars,1,Film & Animation,애니속 최고의 명언 월드컵,3122299,107,2021-01-10 10:00:05+00:00,None,333
DWKH9RSPYIQ,24,Entertainment,지맘대로 고르는 마블 캐릭터 월드컵,1076670,121,2021-01-08 10:00:10+00:00,None,334
nwskh-ZIi6E,24,Entertainment,슬램덩크 최고의 명장면 월드컵 (with 배성재 아나운서),1882381,123,2020-12-30 10:00:31+00:00,None,336
53XqM_ofaKw,20,Gaming,집에 가고 싶은 사람 vs 집에 가기 싫은 사람,2739031,127,2020-12-04 10:00:05+00:00,None,337
NsnLkR7wD9c,20,Gaming,명작(名作) 일본만화 월드컵 32강~결승,1655432,151,2020-11-29 13:30:00+00:00,None,338
P6qXzKXEYcI,20,Gaming,명작(名作) 일본만화 월드컵 64강,2955822,151,2020-11-29 08:00:05+00:00,None,339
gXwgtvvnxJw,24,Entertainment,버거 이름을 아이스버거로 바꾸세요,1793799,151,2020-11-18 10:00:39+00:00,None,340
LRRNtA_xX9A,20,Gaming,"이번엔 무조건 정한다, 최종 자동차 쇼핑",1648716,151,2020-10-22 10:03:50+00:00,None,342
hnanNlDbsE4,24,Entertainment,침착맨 삼국지 완전판,13213266,151,2020-10-04 10:00:13+00:00,None,343
dV3d_e8GS-4,27,Education,자식을 열받게 하는 아빠가 있다??,1741883,151,2020-09-24 10:00:17+00:00,None,344
pkXiOnXAO90,15,Pets & Animals,인생의 1/4을 포켓몬 연구에 쏟은 이소영 박사,2633762,151,2020-09-16 10:00:27+00:00,None,345
TriakUSaFfA,24,Entertainment,대왕연어 초밥과 새우 튀김,1473849,151,2020-08-07 10:00:09+00:00,None,348
CEDzUn9pOG0,24,Entertainment,원피스(ONE PIECE) 설명회,3564378,151,2020-07-26 10:00:06+00:00,None,349
CEDzUn9pOG0,24,Entertainment,원피스(ONE PIECE) 설명회,3564378,151,2020-07-26 10:00:06+00:00,None,350
apV907sPIZo,24,Entertainment,전혀 몰라도 입문할 수 있는 침착맨 삼국지 4부,1664978,151,2020-06-25 11:30:15+00:00,None,352
VTyBc3a--Ls,24,Entertainment,좁아터진 기숙사 체험기 & 동반입대의 추억,1335974,151,2020-06-24 08:00:07+00:00,None,353
1fcn-PiXIKA,24,Entertainment,전혀 몰라도 입문할 수 있는 침착맨 삼국지 3부,3093760,151,2020-06-12 12:06:43+00:00,None,354
4k48gvdAsFY,24,Entertainment,전혀 몰라도 입문할 수 있는 침착맨 삼국지 1부,5206345,155,2020-05-29 10:00:01+00:00,None,355
IxaOybVE50Y,17,Sports,이악물고 자식 이기려는 아빠,2487946,181,2020-05-21 10:00:08+00:00,None,357
Xhs0F0wAX7Q,20,Gaming,부러워요 친구의 숲 (with 김나성) - 모여봐요 동물의 숲 3화,178669,187,2020-03-26 10:00:53+00:00,None,359
QF_jqcF6lY8,24,Entertainment,내가 위험할 때 나를 지켜줄 동물 월드컵,1306567,200,2020-01-10 10:00:05+00:00,None,362
PrBupTUlGz4,24,Entertainment,【침펄풍】 이제는 너무 뻔한 클리셰 월드컵,2238942,204,2019-12-18 10:00:07+00:00,None,363
MPnQ2aho0xY,24,Entertainment,침착맨의 배스킨라빈스 퀴즈쇼 (이벤트 종료),57294,232,2019-08-19 09:45:02+00:00,None,364
Flli-k6QCBM,1,Film & Animation,"코코 (Coco, 2017) 감상회 (with 주호민)",737259,232,2019-08-06 10:00:02+00:00,None,365
aWlt124dn1k,20,Gaming,【하스스톤/투기장】 울둠팩 주냐? 침착맨의 투기장 승수는?,30176,232,2019-08-03 10:00:00+00:00,None,366
Qi0-wid6qXs,20,Gaming,【침&펄 디아블로3 하드코어 대작전】 1막 2부 - 포로가 된 천사,90290,232,2019-08-03 10:00:05+00:00,None,367
80VUa4ldUUM,20,Gaming,침착맨과 함께하는 G식백과 '게임은 문화다' 캠페인,106323,232,2019-07-04 11:01:36+00:00,None,368
Z1vgOoIuP5M,22,People & Blogs,진짜 아빠를 찾아라!,3085513,232,2019-06-05 10:15:25+00:00,None,369
ez2HF-9D1HA,20,Gaming,【하스스톤/모험】 달라란 침공 3화 - 사냥꾼 늙은 들창눈 #3,20296,232,2019-05-22 10:01:26+00:00,None,370
jXANgLF3Es0,20,Gaming,"대항해시대 4 | 제12화 폭발은 예술이다, 샤를르 장 로슈폴",41545,232,2019-04-21 11:05:14+00:00,None,371
hJupBCvgmZs,20,Gaming,파랜드 택틱스 | 제21화 지하 신전,11129,232,2019-04-05 10:00:08+00:00,None,372
tBQjck52V-A,20,Gaming,파랜드 택틱스 | 제19화 맹세,12209,232,2019-04-03 10:00:07+00:00,None,373
gcRzKVztwK4,24,Entertainment,듣기 싫은 꼰대어 월드컵,2720856,232,2019-03-26 12:20:15+00:00,None,374
ydZKuOW_zI0,24,Entertainment,최고의 진상 손님은? 편의점 진상 월드컵,2184917,232,2019-01-12 10:09:28+00:00,None,375
P8-JRa2gNy4,20,Gaming,【히오스】 정상결전! 침착맨팀 vs 김정민팀 -2- (본경기),21603,232,2018-12-09 10:57:35+00:00,None,376
qIinYt5nUII,24,Entertainment,【침vs펄 토론】 여름 vs 겨울 평생 한 계절로 살아야 한다면?,4152592,240,2018-11-17 09:58:39+00:00,None,377
eugeD0k3daA,20,Gaming,【징기스칸전】 61화 -  하남부 전투,9185,272,2018-11-14 10:00:04+00:00,None,378
-FcmxTTX-LA,24,Entertainment,【침vs펄 토론】 침착맨 vs 주호민 산다면 누구 인생으로?,3845857,294,2018-11-08 13:59:42+00:00,None,379
rfk4nBhk_7s,24,Entertainment,【침vs펄 토론】 유비 vs 조조 직장상사로 누가 더 좋은가?,4214963,364,2018-11-01 10:00:10+00:00,None,380
9LQsLPsKRq8,24,Entertainment,【침vs펄 토론】 딱딱 복숭아 vs 물렁 복숭아 뭐가 더 맛있나?,6353339,364,2018-10-16 13:00:04+00:00,None,381
hL4st4jtGUU,20,Gaming,【히오스】 용둥 여포 침.아.블.로 (with 돌숭이동인지),22652,364,2018-10-14 10:00:05+00:00,None,382
uEv-7GNDKO8,20,Gaming,【히오스】 시공스타K 4강 (A조 vs B조) 4경기,8599,364,2018-10-10 09:57:00+00:00,None,383
DD4zkrQhRxA,20,Gaming,【모바일 한게임 섯다】 제2회 그랜드 인비테이셔널 하이라이트,24002,364,2018-08-26 02:34:04+00:00,None,384
-Q9ADa2yEL0,20,Gaming,【징기스칸전】 21화 - 타이츄트 토벌전,11208,364,2018-08-24 10:00:01+00:00,None,385
PJ8iiU3utP4,20,Gaming,【징기스칸전】 17화 - 울자강 전투,12751,364,2018-08-20 10:00:05+00:00,None,386
b_4l7l9-sXI,20,Gaming,【징기스칸전】 12화 - 메르키트 보복전,17524,364,2018-08-15 10:00:35+00:00,None,387
qEqpQbv46oA,20,Gaming,【하스스톤/투기장 - 인터넷강의】 #4 질알병 후 광역 드루이드 강좌,8322,364,2018-07-21 10:00:05+00:00,None,388
WrHA-Ts_sTE,20,Gaming,【하스스톤/하이라이트】 업보는 돌고 돈다,34721,364,2018-06-24 10:00:05+00:00,None,389
lcjqGEvr-Qk,20,Gaming,【하스스톤/하이라이트】 그만 좀 뒤져! 징글징글하게 버티는 성기사,43638,364,2018-06-20 10:00:09+00:00,None,390
qGTVxVJcqH4,20,Gaming,작업실에 찾아온 쏘영이와 오랜만에 【스타듀밸리】 2부,6797,364,2018-06-16 10:00:11+00:00,None,391
2kjIP-hfcqo,20,Gaming,【프렌즈마블】 스피드 모드라는 게 나왔다고? 근데 왜 이래?,46848,364,2018-06-05 10:00:00+00:00,None,392
vxpXec4znoA,20,Gaming,고치에서 풀리는 그 순간 『증.발』이다 【히오스】,5920,517,2018-05-15 10:00:25+00:00,None,393
7GCAtbg8u-o,20,Gaming,【킹덤러쉬 프론티어】 2화. 주호민 작가님과 별 3개를 모으기 (Kingdom Rush Frontiers),13099,1061,2018-05-10 10:00:07+00:00,None,394
KZIX-cpvAgQ,20,Gaming,사실상 샤코다~ 이말이야 【히오스】,30566,1633,2018-05-01 10:00:03+00:00,None,395
VYkxKq7R0IU,20,Gaming,【프렌즈마블】 익절이냐! 연장이냐! 그것이 문제로다!,41033,2215,2018-03-21 10:00:08+00:00,None,396
A2VCNY4CvhU,20,Gaming,"【히오스】 역대급 개사기 마이에브 #1 (요뿌니,침착맨,헌알,함양미친개,하루카)",12383,3174,2018-02-11 10:00:00+00:00,None,397
HzvCW1nsN3U,20,Gaming,【히오스】 배도라지 vs 트벤저스 용의 둥지,3975,3994,2018-01-21 10:00:00+00:00,None,398
m5g9JcylQgQ,20,Gaming,【마구마구】 9회말 2아웃 조작경기,10265,4131,2017-11-29 11:15:49+00:00,None,399
oQIp8i1I7eM,20,Gaming,【하스스톤/하이라이트】  갓승3패에서 밀려오는 짜증,37411,4191,2017-12-10 10:00:03+00:00,None,400
CpN9a7h94yc,20,Gaming,【마구마구】 홈런더비: 골든볼만 골라내는 기가 막힌 선구안,8866,4306,2017-11-28 10:05:05+00:00,None,401
rqEpAsRDVf0,20,Gaming,【마구마구】 쌍방울은 두 번 터진다,23409,4440,2017-10-29 09:59:30+00:00,None,402
Y1-D0Gx_rb0,20,Gaming,【히오스】 스투코프 출시기념 내전 #2 (연지수/후추/반바/하루카/옥냥이/노챗/민우/엔진/침착맨/침투부수호자),4123,4647,2017-07-13 14:23:55+00:00,None,403
8vFWno9C8y0,20,Gaming,【조조전 온라인】 여몽전(극한) #4.여릉 반란군 토벌전,1333,4818,2017-07-11 11:26:16+00:00,None,404
TqG0it5bSYQ,20,Gaming,【배틀그라운드/HL】 이것도 너프해 보시지!,22284,5210,2017-06-08 09:54:45+00:00,None,405
lnK4uhPKsuA,20,Gaming,【조조전 온라인】 엄백호전(일반) #2.산월족토벌,2476,5375,2017-04-25 09:27:01+00:00,None,406
zepg5v29XC4,20,Gaming,【조조전 온라인】 장각전(극한) #1.신선의 시험,3899,6063,2017-04-05 18:58:22+00:00,None,407
2853h-RnP1c,20,Gaming,【엑스컴2】 4지구 신병/철인 난이도 #7 (X-COM2),817,6119,2017-03-22 08:44:36+00:00,None,408
tfOjFjTS60c,20,Gaming,【엑스컴2】 4지구 신병/철인 난이도 #4 (X-COM2),1639,6276,2017-03-11 10:15:09+00:00,None,409
w3Ric-nUd7g,20,Gaming,【엑스컴2】 3지구 베테랑/철인 난이도 #2 (X-COM2),3973,6417,2017-03-02 09:22:21+00:00,None,410
c5vbkLo_hwU,20,Gaming,【그림 판당고】 5화 - 뜬금없이 셀소에게 팩트폭격 (Grim Fandango),10411,6517,2017-02-07 09:55:51+00:00,None,411
RiIUt2HxLaU,20,Gaming,【히오스】 ★합방★ 신정민 해설의 특급 과외 3/7,16796,6706,2016-10-09 10:22:39+00:00,None,412
SPwUNX2k9rU,20,Gaming,PORTAL 1 | 제6화 ~끝~,12848,6860,2016-06-15 09:06:28+00:00,None,413
crMZPyYndcs,20,Gaming,[침착맨의 워킹데드] 시즌1 에피소드4-5 (The Walking Dead 1),13282,6921,2016-06-11 09:25:20+00:00,None,414
SRS4AeJzhoc,20,Gaming,[침착맨의 워킹데드] 시즌1 에피소드1-1 (The Walking Dead 1),74235,6939,2016-05-31 10:24:53+00:00,None,415
oQIp8i1I7eM,20,Gaming,【하스스톤/하이라이트】  갓승3패에서 밀려오는 짜증,37411,6960,2017-12-10 10:00:03+00:00,None,416
CpN9a7h94yc,20,Gaming,【마구마구】 홈런더비: 골든볼만 골라내는 기가 막힌 선구안,8866,6986,2017-11-28 10:05:05+00:00,None,417
rqEpAsRDVf0,20,Gaming,【마구마구】 쌍방울은 두 번 터진다,23409,6999,2017-10-29 09:59:30+00:00,None,418
Y1-D0Gx_rb0,20,Gaming,【히오스】 스투코프 출시기념 내전 #2 (연지수/후추/반바/하루카/옥냥이/노챗/민우/엔진/침착맨/침투부수호자),4123,7092,2017-07-13 14:23:55+00:00,None,419
8vFWno9C8y0,20,Gaming,【조조전 온라인】 여몽전(극한) #4.여릉 반란군 토벌전,1333,7225,2017-07-11 11:26:16+00:00,None,420
TqG0it5bSYQ,20,Gaming,【배틀그라운드/HL】 이것도 너프해 보시지!,22284,7311,2017-06-08 09:54:45+00:00,None,421
lnK4uhPKsuA,20,Gaming,【조조전 온라인】 엄백호전(일반) #2.산월족토벌,2476,7335,2017-04-25 09:27:01+00:00,None,422
zepg5v29XC4,20,Gaming,【조조전 온라인】 장각전(극한) #1.신선의 시험,3899,7370,2017-04-05 18:58:22+00:00,None,423
2853h-RnP1c,20,Gaming,【엑스컴2】 4지구 신병/철인 난이도 #7 (X-COM2),817,7394,2017-03-22 08:44:36+00:00,None,424
tfOjFjTS60c,20,Gaming,【엑스컴2】 4지구 신병/철인 난이도 #4 (X-COM2),1639,7402,2017-03-11 10:15:09+00:00,None,425
w3Ric-nUd7g,20,Gaming,【엑스컴2】 3지구 베테랑/철인 난이도 #2 (X-COM2),3973,7465,2017-03-02 09:22:21+00:00,None,426
c5vbkLo_hwU,20,Gaming,【그림 판당고】 5화 - 뜬금없이 셀소에게 팩트폭격 (Grim Fandango),10411,7578,2017-02-07 09:55:51+00:00,None,427
RiIUt2HxLaU,20,Gaming,【히오스】 ★합방★ 신정민 해설의 특급 과외 3/7,16796,7610,2016-10-09 10:22:39+00:00,None,428
SPwUNX2k9rU,20,Gaming,PORTAL 1 | 제6화 ~끝~,12848,7617,2016-06-15 09:06:28+00:00,None,429
crMZPyYndcs,20,Gaming,[침착맨의 워킹데드] 시즌1 에피소드4-5 (The Walking Dead 1),13282,7705,2016-06-11 09:25:20+00:00,None,430
SRS4AeJzhoc,20,Gaming,[침착맨의 워킹데드] 시즌1 에피소드1-1 (The Walking Dead 1),74235,7741,2016-05-31 10:24:53+00:00,None,431
oQIp8i1I7eM,20,Gaming,【하스스톤/하이라이트】  갓승3패에서 밀려오는 짜증,37411,7886,2017-12-10 10:00:03+00:00,None,432
CpN9a7h94yc,20,Gaming,【마구마구】 홈런더비: 골든볼만 골라내는 기가 막힌 선구안,8866,7889,2017-11-28 10:05:05+00:00,None,433
rqEpAsRDVf0,20,Gaming,【마구마구】 쌍방울은 두 번 터진다,23409,7897,2017-10-29 09:59:30+00:00,None,434
Y1-D0Gx_rb0,20,Gaming,【히오스】 스투코프 출시기념 내전 #2 (연지수/후추/반바/하루카/옥냥이/노챗/민우/엔진/침착맨/침투부수호자),4123,7916,2017-07-13 14:23:55+00:00,None,435
8vFWno9C8y0,20,Gaming,【조조전 온라인】 여몽전(극한) #4.여릉 반란군 토벌전,1333,7997,2017-07-11 11:26:16+00:00,None,436
TqG0it5bSYQ,20,Gaming,【배틀그라운드/HL】 이것도 너프해 보시지!,22284,8137,2017-06-08 09:54:45+00:00,None,437
lnK4uhPKsuA,20,Gaming,【조조전 온라인】 엄백호전(일반) #2.산월족토벌,2476,8214,2017-04-25 09:27:01+00:00,None,438
zepg5v29XC4,20,Gaming,【조조전 온라인】 장각전(극한) #1.신선의 시험,3899,8247,2017-04-05 18:58:22+00:00,None,439
2853h-RnP1c,20,Gaming,【엑스컴2】 4지구 신병/철인 난이도 #7 (X-COM2),817,8266,2017-03-22 08:44:36+00:00,None,440
tfOjFjTS60c,20,Gaming,【엑스컴2】 4지구 신병/철인 난이도 #4 (X-COM2),1639,8354,2017-03-11 10:15:09+00:00,None,441
w3Ric-nUd7g,20,Gaming,【엑스컴2】 3지구 베테랑/철인 난이도 #2 (X-COM2),3973,8423,2017-03-02 09:22:21+00:00,None,442
c5vbkLo_hwU,20,Gaming,【그림 판당고】 5화 - 뜬금없이 셀소에게 팩트폭격 (Grim Fandango),10411,8477,2017-02-07 09:55:51+00:00,None,443
RiIUt2HxLaU,20,Gaming,【히오스】 ★합방★ 신정민 해설의 특급 과외 3/7,16796,8561,2016-10-09 10:22:39+00:00,None,444
SPwUNX2k9rU,20,Gaming,PORTAL 1 | 제6화 ~끝~,12848,8622,2016-06-15 09:06:28+00:00,None,445
crMZPyYndcs,20,Gaming,[침착맨의 워킹데드] 시즌1 에피소드4-5 (The Walking Dead 1),13282,8714,2016-06-11 09:25:20+00:00,None,446
SRS4AeJzhoc,20,Gaming,[침착맨의 워킹데드] 시즌1 에피소드1-1 (The Walking Dead 1),74235,8755,2016-05-31 10:24:53+00:00,None,447
oQIp8i1I7eM,20,Gaming,【하스스톤/하이라이트】  갓승3패에서 밀려오는 짜증,37411,8760,2017-12-10 10:00:03+00:00,None,448
CpN9a7h94yc,20,Gaming,【마구마구】 홈런더비: 골든볼만 골라내는 기가 막힌 선구안,8866,8774,2017-11-28 10:05:05+00:00,None,449
rqEpAsRDVf0,20,Gaming,【마구마구】 쌍방울은 두 번 터진다,23409,8776,2017-10-29 09:59:30+00:00,None,450
Y1-D0Gx_rb0,20,Gaming,【히오스】 스투코프 출시기념 내전 #2 (연지수/후추/반바/하루카/옥냥이/노챗/민우/엔진/침착맨/침투부수호자),4123,8789,2017-07-13 14:23:55+00:00,None,451
8vFWno9C8y0,20,Gaming,【조조전 온라인】 여몽전(극한) #4.여릉 반란군 토벌전,1333,8915,2017-07-11 11:26:16+00:00,None,452
TqG0it5bSYQ,20,Gaming,【배틀그라운드/HL】 이것도 너프해 보시지!,22284,8960,2017-06-08 09:54:45+00:00,None,453
lnK4uhPKsuA,20,Gaming,【조조전 온라인】 엄백호전(일반) #2.산월족토벌,2476,9102,2017-04-25 09:27:01+00:00,None,454
zepg5v29XC4,20,Gaming,【조조전 온라인】 장각전(극한) #1.신선의 시험,3899,9103,2017-04-05 18:58:22+00:00,None,455
2853h-RnP1c,20,Gaming,【엑스컴2】 4지구 신병/철인 난이도 #7 (X-COM2),817,9117,2017-03-22 08:44:36+00:00,None,456
tfOjFjTS60c,20,Gaming,【엑스컴2】 4지구 신병/철인 난이도 #4 (X-COM2),1639,9131,2017-03-11 10:15:09+00:00,None,457
w3Ric-nUd7g,20,Gaming,【엑스컴2】 3지구 베테랑/철인 난이도 #2 (X-COM2),3973,9131,2017-03-02 09:22:21+00:00,None,458
c5vbkLo_hwU,20,Gaming,【그림 판당고】 5화 - 뜬금없이 셀소에게 팩트폭격 (Grim Fandango),10411,9151,2017-02-07 09:55:51+00:00,None,459
RiIUt2HxLaU,20,Gaming,【히오스】 ★합방★ 신정민 해설의 특급 과외 3/7,16796,9178,2016-10-09 10:22:39+00:00,None,460
SPwUNX2k9rU,20,Gaming,PORTAL 1 | 제6화 ~끝~,12848,9181,2016-06-15 09:06:28+00:00,None,461
crMZPyYndcs,20,Gaming,[침착맨의 워킹데드] 시즌1 에피소드4-5 (The Walking Dead 1),13282,9231,2016-06-11 09:25:20+00:00,None,462
SRS4AeJzhoc,20,Gaming,[침착맨의 워킹데드] 시즌1 에피소드1-1 (The Walking Dead 1),74235,9352,2016-05-31 10:24:53+00:00,None,463
oQIp8i1I7eM,20,Gaming,【하스스톤/하이라이트】  갓승3패에서 밀려오는 짜증,37411,9451,2017-12-10 10:00:03+00:00,None,464
CpN9a7h94yc,20,Gaming,【마구마구】 홈런더비: 골든볼만 골라내는 기가 막힌 선구안,8866,9564,2017-11-28 10:05:05+00:00,None,465
rqEpAsRDVf0,20,Gaming,【마구마구】 쌍방울은 두 번 터진다,23409,9670,2017-10-29 09:59:30+00:00,None,466
Y1-D0Gx_rb0,20,Gaming,【히오스】 스투코프 출시기념 내전 #2 (연지수/후추/반바/하루카/옥냥이/노챗/민우/엔진/침착맨/침투부수호자),4123,9780,2017-07-13 14:23:55+00:00,None,467
8vFWno9C8y0,20,Gaming,【조조전 온라인】 여몽전(극한) #4.여릉 반란군 토벌전,1333,9873,2017-07-11 11:26:16+00:00,None,468
TqG0it5bSYQ,20,Gaming,【배틀그라운드/HL】 이것도 너프해 보시지!,22284,9892,2017-06-08 09:54:45+00:00,None,469
lnK4uhPKsuA,20,Gaming,【조조전 온라인】 엄백호전(일반) #2.산월족토벌,2476,9991,2017-04-25 09:27:01+00:00,None,470
zepg5v29XC4,20,Gaming,【조조전 온라인】 장각전(극한) #1.신선의 시험,3899,10105,2017-04-05 18:58:22+00:00,None,471
2853h-RnP1c,20,Gaming,【엑스컴2】 4지구 신병/철인 난이도 #7 (X-COM2),817,10144,2017-03-22 08:44:36+00:00,None,472
tfOjFjTS60c,20,Gaming,【엑스컴2】 4지구 신병/철인 난이도 #4 (X-COM2),1639,10240,2017-03-11 10:15:09+00:00,None,473
w3Ric-nUd7g,20,Gaming,【엑스컴2】 3지구 베테랑/철인 난이도 #2 (X-COM2),3973,10247,2017-03-02 09:22:21+00:00,None,474
c5vbkLo_hwU,20,Gaming,【그림 판당고】 5화 - 뜬금없이 셀소에게 팩트폭격 (Grim Fandango),10411,10305,2017-02-07 09:55:51+00:00,None,475
RiIUt2HxLaU,20,Gaming,【히오스】 ★합방★ 신정민 해설의 특급 과외 3/7,16796,10416,2016-10-09 10:22:39+00:00,None,476
SPwUNX2k9rU,20,Gaming,PORTAL 1 | 제6화 ~끝~,12848,10431,2016-06-15 09:06:28+00:00,None,477
crMZPyYndcs,20,Gaming,[침착맨의 워킹데드] 시즌1 에피소드4-5 (The Walking Dead 1),13282,10438,2016-06-11 09:25:20+00:00,None,478
SRS4AeJzhoc,20,Gaming,[침착맨의 워킹데드] 시즌1 에피소드1-1 (The Walking Dead 1),74235,10528,2016-05-31 10:24:53+00:00,None,479
oQIp8i1I7eM,20,Gaming,【하스스톤/하이라이트】  갓승3패에서 밀려오는 짜증,37411,10667,2017-12-10 10:00:03+00:00,None,480
CpN9a7h94yc,20,Gaming,【마구마구】 홈런더비: 골든볼만 골라내는 기가 막힌 선구안,8866,10867,2017-11-28 10:05:05+00:00,None,481
rqEpAsRDVf0,20,Gaming,【마구마구】 쌍방울은 두 번 터진다,23409,10900,2017-10-29 09:59:30+00:00,None,482
Y1-D0Gx_rb0,20,Gaming,【히오스】 스투코프 출시기념 내전 #2 (연지수/후추/반바/하루카/옥냥이/노챗/민우/엔진/침착맨/침투부수호자),4123,10945,2017-07-13 14:23:55+00:00,None,483
8vFWno9C8y0,20,Gaming,【조조전 온라인】 여몽전(극한) #4.여릉 반란군 토벌전,1333,11029,2017-07-11 11:26:16+00:00,None,484
TqG0it5bSYQ,20,Gaming,【배틀그라운드/HL】 이것도 너프해 보시지!,22284,11048,2017-06-08 09:54:45+00:00,None,485
lnK4uhPKsuA,20,Gaming,【조조전 온라인】 엄백호전(일반) #2.산월족토벌,2476,11078,2017-04-25 09:27:01+00:00,None,486
zepg5v29XC4,20,Gaming,【조조전 온라인】 장각전(극한) #1.신선의 시험,3899,11123,2017-04-05 18:58:22+00:00,None,487
2853h-RnP1c,20,Gaming,【엑스컴2】 4지구 신병/철인 난이도 #7 (X-COM2),817,11309,2017-03-22 08:44:36+00:00,None,488
tfOjFjTS60c,20,Gaming,【엑스컴2】 4지구 신병/철인 난이도 #4 (X-COM2),1639,11484,2017-03-11 10:15:09+00:00,None,489
w3Ric-nUd7g,20,Gaming,【엑스컴2】 3지구 베테랑/철인 난이도 #2 (X-COM2),3973,11489,2017-03-02 09:22:21+00:00,None,490
c5vbkLo_hwU,20,Gaming,【그림 판당고】 5화 - 뜬금없이 셀소에게 팩트폭격 (Grim Fandango),10411,11523,2017-02-07 09:55:51+00:00,None,491
RiIUt2HxLaU,20,Gaming,【히오스】 ★합방★ 신정민 해설의 특급 과외 3/7,16796,11535,2016-10-09 10:22:39+00:00,None,492
SPwUNX2k9rU,20,Gaming,PORTAL 1 | 제6화 ~끝~,12848,11588,2016-06-15 09:06:28+00:00,None,493
crMZPyYndcs,20,Gaming,[침착맨의 워킹데드] 시즌1 에피소드4-5 (The Walking Dead 1),13282,11706,2016-06-11 09:25:20+00:00,None,494
SRS4AeJzhoc,20,Gaming,[침착맨의 워킹데드] 시즌1 에피소드1-1 (The Walking Dead 1),74235,11781,2016-05-31 10:24:53+00:00,None,495
oQIp8i1I7eM,20,Gaming,【하스스톤/하이라이트】  갓승3패에서 밀려오는 짜증,37411,11895,2017-12-10 10:00:03+00:00,None,496
CpN9a7h94yc,20,Gaming,【마구마구】 홈런더비: 골든볼만 골라내는 기가 막힌 선구안,8866,11930,2017-11-28 10:05:05+00:00,None,497
rqEpAsRDVf0,20,Gaming,【마구마구】 쌍방울은 두 번 터진다,23409,11990,2017-10-29 09:59:30+00:00,None,498
Y1-D0Gx_rb0,20,Gaming,【히오스】 스투코프 출시기념 내전 #2 (연지수/후추/반바/하루카/옥냥이/노챗/민우/엔진/침착맨/침투부수호자),4123,12013,2017-07-13 14:23:55+00:00,None,499
8vFWno9C8y0,20,Gaming,【조조전 온라인】 여몽전(극한) #4.여릉 반란군 토벌전,1333,12283,2017-07-11 11:26:16+00:00,None,500
TqG0it5bSYQ,20,Gaming,【배틀그라운드/HL】 이것도 너프해 보시지!,22284,12351,2017-06-08 09:54:45+00:00,None,501
lnK4uhPKsuA,20,Gaming,【조조전 온라인】 엄백호전(일반) #2.산월족토벌,2476,12353,2017-04-25 09:27:01+00:00,None,502
zepg5v29XC4,20,Gaming,【조조전 온라인】 장각전(극한) #1.신선의 시험,3899,12354,2017-04-05 18:58:22+00:00,None,503
2853h-RnP1c,20,Gaming,【엑스컴2】 4지구 신병/철인 난이도 #7 (X-COM2),817,12478,2017-03-22 08:44:36+00:00,None,504
tfOjFjTS60c,20,Gaming,【엑스컴2】 4지구 신병/철인 난이도 #4 (X-COM2),1639,12517,2017-03-11 10:15:09+00:00,None,505
w3Ric-nUd7g,20,Gaming,【엑스컴2】 3지구 베테랑/철인 난이도 #2 (X-COM2),3973,12611,2017-03-02 09:22:21+00:00,None,506
c5vbkLo_hwU,20,Gaming,【그림 판당고】 5화 - 뜬금없이 셀소에게 팩트폭격 (Grim Fandango),10411,12634,2017-02-07 09:55:51+00:00,None,507
RiIUt2HxLaU,20,Gaming,【히오스】 ★합방★ 신정민 해설의 특급 과외 3/7,16796,12811,2016-10-09 10:22:39+00:00,None,508
SPwUNX2k9rU,20,Gaming,PORTAL 1 | 제6화 ~끝~,12848,12821,2016-06-15 09:06:28+00:00,None,509
crMZPyYndcs,20,Gaming,[침착맨의 워킹데드] 시즌1 에피소드4-5 (The Walking Dead 1),13282,13034,2016-06-11 09:25:20+00:00,None,510
SRS4AeJzhoc,20,Gaming,[침착맨의 워킹데드] 시즌1 에피소드1-1 (The Walking Dead 1),74235,13124,2016-05-31 10:24:53+00:00,None,511
oQIp8i1I7eM,20,Gaming,【하스스톤/하이라이트】  갓승3패에서 밀려오는 짜증,37411,13239,2017-12-10 10:00:03+00:00,None,512
CpN9a7h94yc,20,Gaming,【마구마구】 홈런더비: 골든볼만 골라내는 기가 막힌 선구안,8866,13258,2017-11-28 10:05:05+00:00,None,513
rqEpAsRDVf0,20,Gaming,【마구마구】 쌍방울은 두 번 터진다,23409,13280,2017-10-29 09:59:30+00:00,None,514
Y1-D0Gx_rb0,20,Gaming,【히오스】 스투코프 출시기념 내전 #2 (연지수/후추/반바/하루카/옥냥이/노챗/민우/엔진/침착맨/침투부수호자),4123,13312,2017-07-13 14:23:55+00:00,None,515
8vFWno9C8y0,20,Gaming,【조조전 온라인】 여몽전(극한) #4.여릉 반란군 토벌전,1333,13362,2017-07-11 11:26:16+00:00,None,516
TqG0it5bSYQ,20,Gaming,【배틀그라운드/HL】 이것도 너프해 보시지!,22284,13432,2017-06-08 09:54:45+00:00,None,517
lnK4uhPKsuA,20,Gaming,【조조전 온라인】 엄백호전(일반) #2.산월족토벌,2476,13539,2017-04-25 09:27:01+00:00,None,518
zepg5v29XC4,20,Gaming,【조조전 온라인】 장각전(극한) #1.신선의 시험,3899,13561,2017-04-05 18:58:22+00:00,None,519
2853h-RnP1c,20,Gaming,【엑스컴2】 4지구 신병/철인 난이도 #7 (X-COM2),817,13643,2017-03-22 08:44:36+00:00,None,520
tfOjFjTS60c,20,Gaming,【엑스컴2】 4지구 신병/철인 난이도 #4 (X-COM2),1639,14019,2017-03-11 10:15:09+00:00,None,521
w3Ric-nUd7g,20,Gaming,【엑스컴2】 3지구 베테랑/철인 난이도 #2 (X-COM2),3973,14096,2017-03-02 09:22:21+00:00,None,522
c5vbkLo_hwU,20,Gaming,【그림 판당고】 5화 - 뜬금없이 셀소에게 팩트폭격 (Grim Fandango),10411,14112,2017-02-07 09:55:51+00:00,None,523
RiIUt2HxLaU,20,Gaming,【히오스】 ★합방★ 신정민 해설의 특급 과외 3/7,16796,14112,2016-10-09 10:22:39+00:00,None,524
SPwUNX2k9rU,20,Gaming,PORTAL 1 | 제6화 ~끝~,12848,14156,2016-06-15 09:06:28+00:00,None,525
crMZPyYndcs,20,Gaming,[침착맨의 워킹데드] 시즌1 에피소드4-5 (The Walking Dead 1),13282,14226,2016-06-11 09:25:20+00:00,None,526
SRS4AeJzhoc,20,Gaming,[침착맨의 워킹데드] 시즌1 에피소드1-1 (The Walking Dead 1),74235,14251,2016-05-31 10:24:53+00:00,None,527
oQIp8i1I7eM,20,Gaming,【하스스톤/하이라이트】  갓승3패에서 밀려오는 짜증,37411,14252,2017-12-10 10:00:03+00:00,None,528
CpN9a7h94yc,20,Gaming,【마구마구】 홈런더비: 골든볼만 골라내는 기가 막힌 선구안,8866,14485,2017-11-28 10:05:05+00:00,None,529
rqEpAsRDVf0,20,Gaming,【마구마구】 쌍방울은 두 번 터진다,23409,14587,2017-10-29 09:59:30+00:00,None,530
Y1-D0Gx_rb0,20,Gaming,【히오스】 스투코프 출시기념 내전 #2 (연지수/후추/반바/하루카/옥냥이/노챗/민우/엔진/침착맨/침투부수호자),4123,14597,2017-07-13 14:23:55+00:00,None,531
8vFWno9C8y0,20,Gaming,【조조전 온라인】 여몽전(극한) #4.여릉 반란군 토벌전,1333,14604,2017-07-11 11:26:16+00:00,None,532
TqG0it5bSYQ,20,Gaming,【배틀그라운드/HL】 이것도 너프해 보시지!,22284,14662,2017-06-08 09:54:45+00:00,None,533
lnK4uhPKsuA,20,Gaming,【조조전 온라인】 엄백호전(일반) #2.산월족토벌,2476,14839,2017-04-25 09:27:01+00:00,None,534
zepg5v29XC4,20,Gaming,【조조전 온라인】 장각전(극한) #1.신선의 시험,3899,14844,2017-04-05 18:58:22+00:00,None,535
2853h-RnP1c,20,Gaming,【엑스컴2】 4지구 신병/철인 난이도 #7 (X-COM2),817,14985,2017-03-22 08:44:36+00:00,None,536
tfOjFjTS60c,20,Gaming,【엑스컴2】 4지구 신병/철인 난이도 #4 (X-COM2),1639,14994,2017-03-11 10:15:09+00:00,None,537
w3Ric-nUd7g,20,Gaming,【엑스컴2】 3지구 베테랑/철인 난이도 #2 (X-COM2),3973,15162,2017-03-02 09:22:21+00:00,None,538
c5vbkLo_hwU,20,Gaming,【그림 판당고】 5화 - 뜬금없이 셀소에게 팩트폭격 (Grim Fandango),10411,15173,2017-02-07 09:55:51+00:00,None,539
RiIUt2HxLaU,20,Gaming,【히오스】 ★합방★ 신정민 해설의 특급 과외 3/7,16796,15421,2016-10-09 10:22:39+00:00,None,540
SPwUNX2k9rU,20,Gaming,PORTAL 1 | 제6화 ~끝~,12848,15596,2016-06-15 09:06:28+00:00,None,541
crMZPyYndcs,20,Gaming,[침착맨의 워킹데드] 시즌1 에피소드4-5 (The Walking Dead 1),13282,15633,2016-06-11 09:25:20+00:00,None,542
SRS4AeJzhoc,20,Gaming,[침착맨의 워킹데드] 시즌1 에피소드1-1 (The Walking Dead 1),74235,15678,2016-05-31 10:24:53+00:00,None,543
oQIp8i1I7eM,20,Gaming,【하스스톤/하이라이트】  갓승3패에서 밀려오는 짜증,37411,15728,2017-12-10 10:00:03+00:00,None,544
CpN9a7h94yc,20,Gaming,【마구마구】 홈런더비: 골든볼만 골라내는 기가 막힌 선구안,8866,16058,2017-11-28 10:05:05+00:00,None,545
rqEpAsRDVf0,20,Gaming,【마구마구】 쌍방울은 두 번 터진다,23409,16189,2017-10-29 09:59:30+00:00,None,546
Y1-D0Gx_rb0,20,Gaming,【히오스】 스투코프 출시기념 내전 #2 (연지수/후추/반바/하루카/옥냥이/노챗/민우/엔진/침착맨/침투부수호자),4123,16191,2017-07-13 14:23:55+00:00,None,547
8vFWno9C8y0,20,Gaming,【조조전 온라인】 여몽전(극한) #4.여릉 반란군 토벌전,1333,16200,2017-07-11 11:26:16+00:00,None,548
TqG0it5bSYQ,20,Gaming,【배틀그라운드/HL】 이것도 너프해 보시지!,22284,16274,2017-06-08 09:54:45+00:00,None,549
lnK4uhPKsuA,20,Gaming,【조조전 온라인】 엄백호전(일반) #2.산월족토벌,2476,16464,2017-04-25 09:27:01+00:00,None,550
zepg5v29XC4,20,Gaming,【조조전 온라인】 장각전(극한) #1.신선의 시험,3899,16467,2017-04-05 18:58:22+00:00,None,551
2853h-RnP1c,20,Gaming,【엑스컴2】 4지구 신병/철인 난이도 #7 (X-COM2),817,16698,2017-03-22 08:44:36+00:00,None,552
tfOjFjTS60c,20,Gaming,【엑스컴2】 4지구 신병/철인 난이도 #4 (X-COM2),1639,16907,2017-03-11 10:15:09+00:00,None,553
w3Ric-nUd7g,20,Gaming,【엑스컴2】 3지구 베테랑/철인 난이도 #2 (X-COM2),3973,17083,2017-03-02 09:22:21+00:00,None,554
c5vbkLo_hwU,20,Gaming,【그림 판당고】 5화 - 뜬금없이 셀소에게 팩트폭격 (Grim Fandango),10411,17328,2017-02-07 09:55:51+00:00,None,555
RiIUt2HxLaU,20,Gaming,【히오스】 ★합방★ 신정민 해설의 특급 과외 3/7,16796,17605,2016-10-09 10:22:39+00:00,None,556
SPwUNX2k9rU,20,Gaming,PORTAL 1 | 제6화 ~끝~,12848,18046,2016-06-15 09:06:28+00:00,None,557
crMZPyYndcs,20,Gaming,[침착맨의 워킹데드] 시즌1 에피소드4-5 (The Walking Dead 1),13282,18115,2016-06-11 09:25:20+00:00,None,558
SRS4AeJzhoc,20,Gaming,[침착맨의 워킹데드] 시즌1 에피소드1-1 (The Walking Dead 1),74235,18127,2016-05-31 10:24:53+00:00,None,559
oQIp8i1I7eM,20,Gaming,【하스스톤/하이라이트】  갓승3패에서 밀려오는 짜증,37411,18282,2017-12-10 10:00:03+00:00,None,560
CpN9a7h94yc,20,Gaming,【마구마구】 홈런더비: 골든볼만 골라내는 기가 막힌 선구안,8866,18307,2017-11-28 10:05:05+00:00,None,561
rqEpAsRDVf0,20,Gaming,【마구마구】 쌍방울은 두 번 터진다,23409,18345,2017-10-29 09:59:30+00:00,None,562
Y1-D0Gx_rb0,20,Gaming,【히오스】 스투코프 출시기념 내전 #2 (연지수/후추/반바/하루카/옥냥이/노챗/민우/엔진/침착맨/침투부수호자),4123,18350,2017-07-13 14:23:55+00:00,None,563
8vFWno9C8y0,20,Gaming,【조조전 온라인】 여몽전(극한) #4.여릉 반란군 토벌전,1333,18742,2017-07-11 11:26:16+00:00,None,564
TqG0it5bSYQ,20,Gaming,【배틀그라운드/HL】 이것도 너프해 보시지!,22284,18974,2017-06-08 09:54:45+00:00,None,565
lnK4uhPKsuA,20,Gaming,【조조전 온라인】 엄백호전(일반) #2.산월족토벌,2476,18999,2017-04-25 09:27:01+00:00,None,566
zepg5v29XC4,20,Gaming,【조조전 온라인】 장각전(극한) #1.신선의 시험,3899,19020,2017-04-05 18:58:22+00:00,None,567
2853h-RnP1c,20,Gaming,【엑스컴2】 4지구 신병/철인 난이도 #7 (X-COM2),817,19618,2017-03-22 08:44:36+00:00,None,568
tfOjFjTS60c,20,Gaming,【엑스컴2】 4지구 신병/철인 난이도 #4 (X-COM2),1639,20014,2017-03-11 10:15:09+00:00,None,569
w3Ric-nUd7g,20,Gaming,【엑스컴2】 3지구 베테랑/철인 난이도 #2 (X-COM2),3973,20178,2017-03-02 09:22:21+00:00,None,570
c5vbkLo_hwU,20,Gaming,【그림 판당고】 5화 - 뜬금없이 셀소에게 팩트폭격 (Grim Fandango),10411,20264,2017-02-07 09:55:51+00:00,None,571
RiIUt2HxLaU,20,Gaming,【히오스】 ★합방★ 신정민 해설의 특급 과외 3/7,16796,20274,2016-10-09 10:22:39+00:00,None,572
SPwUNX2k9rU,20,Gaming,PORTAL 1 | 제6화 ~끝~,12848,20278,2016-06-15 09:06:28+00:00,None,573
crMZPyYndcs,20,Gaming,[침착맨의 워킹데드] 시즌1 에피소드4-5 (The Walking Dead 1),13282,20773,2016-06-11 09:25:20+00:00,None,574
SRS4AeJzhoc,20,Gaming,[침착맨의 워킹데드] 시즌1 에피소드1-1 (The Walking Dead 1),74235,21806,2016-05-31 10:24:53+00:00,None,575
oQIp8i1I7eM,20,Gaming,【하스스톤/하이라이트】  갓승3패에서 밀려오는 짜증,37411,21883,2017-12-10 10:00:03+00:00,None,576
CpN9a7h94yc,20,Gaming,【마구마구】 홈런더비: 골든볼만 골라내는 기가 막힌 선구안,8866,22794,2017-11-28 10:05:05+00:00,None,577
rqEpAsRDVf0,20,Gaming,【마구마구】 쌍방울은 두 번 터진다,23409,22838,2017-10-29 09:59:30+00:00,None,578
Y1-D0Gx_rb0,20,Gaming,【히오스】 스투코프 출시기념 내전 #2 (연지수/후추/반바/하루카/옥냥이/노챗/민우/엔진/침착맨/침투부수호자),4123,23393,2017-07-13 14:23:55+00:00,None,579
8vFWno9C8y0,20,Gaming,【조조전 온라인】 여몽전(극한) #4.여릉 반란군 토벌전,1333,23423,2017-07-11 11:26:16+00:00,None,580
TqG0it5bSYQ,20,Gaming,【배틀그라운드/HL】 이것도 너프해 보시지!,22284,23520,2017-06-08 09:54:45+00:00,None,581
lnK4uhPKsuA,20,Gaming,【조조전 온라인】 엄백호전(일반) #2.산월족토벌,2476,23577,2017-04-25 09:27:01+00:00,None,582
zepg5v29XC4,20,Gaming,【조조전 온라인】 장각전(극한) #1.신선의 시험,3899,23905,2017-04-05 18:58:22+00:00,None,583
2853h-RnP1c,20,Gaming,【엑스컴2】 4지구 신병/철인 난이도 #7 (X-COM2),817,24152,2017-03-22 08:44:36+00:00,None,584
tfOjFjTS60c,20,Gaming,【엑스컴2】 4지구 신병/철인 난이도 #4 (X-COM2),1639,24758,2017-03-11 10:15:09+00:00,None,585
w3Ric-nUd7g,20,Gaming,【엑스컴2】 3지구 베테랑/철인 난이도 #2 (X-COM2),3973,24918,2017-03-02 09:22:21+00:00,None,586
c5vbkLo_hwU,20,Gaming,【그림 판당고】 5화 - 뜬금없이 셀소에게 팩트폭격 (Grim Fandango),10411,26156,2017-02-07 09:55:51+00:00,None,587
RiIUt2HxLaU,20,Gaming,【히오스】 ★합방★ 신정민 해설의 특급 과외 3/7,16796,26491,2016-10-09 10:22:39+00:00,None,588
SPwUNX2k9rU,20,Gaming,PORTAL 1 | 제6화 ~끝~,12848,26588,2016-06-15 09:06:28+00:00,None,589
crMZPyYndcs,20,Gaming,[침착맨의 워킹데드] 시즌1 에피소드4-5 (The Walking Dead 1),13282,26821,2016-06-11 09:25:20+00:00,None,590
SRS4AeJzhoc,20,Gaming,[침착맨의 워킹데드] 시즌1 에피소드1-1 (The Walking Dead 1),74235,26821,2016-05-31 10:24:53+00:00,None,591
oQIp8i1I7eM,20,Gaming,【하스스톤/하이라이트】  갓승3패에서 밀려오는 짜증,37411,26825,2017-12-10 10:00:03+00:00,None,592
CpN9a7h94yc,20,Gaming,【마구마구】 홈런더비: 골든볼만 골라내는 기가 막힌 선구안,8866,26911,2017-11-28 10:05:05+00:00,None,593
rqEpAsRDVf0,20,Gaming,【마구마구】 쌍방울은 두 번 터진다,23409,27303,2017-10-29 09:59:30+00:00,None,594
Y1-D0Gx_rb0,20,Gaming,【히오스】 스투코프 출시기념 내전 #2 (연지수/후추/반바/하루카/옥냥이/노챗/민우/엔진/침착맨/침투부수호자),4123,27338,2017-07-13 14:23:55+00:00,None,595
8vFWno9C8y0,20,Gaming,【조조전 온라인】 여몽전(극한) #4.여릉 반란군 토벌전,1333,27699,2017-07-11 11:26:16+00:00,None,596
TqG0it5bSYQ,20,Gaming,【배틀그라운드/HL】 이것도 너프해 보시지!,22284,28799,2017-06-08 09:54:45+00:00,None,597
lnK4uhPKsuA,20,Gaming,【조조전 온라인】 엄백호전(일반) #2.산월족토벌,2476,30746,2017-04-25 09:27:01+00:00,None,598
zepg5v29XC4,20,Gaming,【조조전 온라인】 장각전(극한) #1.신선의 시험,3899,31225,2017-04-05 18:58:22+00:00,None,599
2853h-RnP1c,20,Gaming,【엑스컴2】 4지구 신병/철인 난이도 #7 (X-COM2),817,32281,2017-03-22 08:44:36+00:00,None,600
tfOjFjTS60c,20,Gaming,【엑스컴2】 4지구 신병/철인 난이도 #4 (X-COM2),1639,33368,2017-03-11 10:15:09+00:00,None,601
w3Ric-nUd7g,20,Gaming,【엑스컴2】 3지구 베테랑/철인 난이도 #2 (X-COM2),3973,36501,2017-03-02 09:22:21+00:00,None,602
c5vbkLo_hwU,20,Gaming,【그림 판당고】 5화 - 뜬금없이 셀소에게 팩트폭격 (Grim Fandango),10411,37257,2017-02-07 09:55:51+00:00,None,603
RiIUt2HxLaU,20,Gaming,【히오스】 ★합방★ 신정민 해설의 특급 과외 3/7,16796,44453,2016-10-09 10:22:39+00:00,None,604
SPwUNX2k9rU,20,Gaming,PORTAL 1 | 제6화 ~끝~,12848,47957,2016-06-15 09:06:28+00:00,None,605
crMZPyYndcs,20,Gaming,[침착맨의 워킹데드] 시즌1 에피소드4-5 (The Walking Dead 1),13282,52059,2016-06-11 09:25:20+00:00,None,606
SRS4AeJzhoc,20,Gaming,[침착맨의 워킹데드] 시즌1 에피소드1-1 (The Walking Dead 1),74235,91279,2016-05-31 10:24:53+00:00,None,607
